{"diversity": 0.48982958410271005, "coherence": 0.5991333077475428, "num_examples": 100}