{"diversity": 0.93539187, "coherence": 0.15580730140209198, "mauve": 0.9139921987353536, "num_examples": 1}