{"diversity": 0.36253961373205285, "coherence": 0.6470774720583111, "num_examples": 10000}