{"diversity": 0.8583885514427501, "coherence": 0.5070345982909202, "num_examples": 20}