{"diversity": 0.9177659625809299, "coherence": 0.5459414601325989, "num_examples": 100}