{"diversity": 0.3387815474937, "coherence": 0.5922916846722365, "mauve": 0.8517538990592171, "num_examples": 50}