{"diversity": 0.95398323015388, "coherence": 0.5557604050636291, "mauve": 0.9673019696262827, "num_examples": 50}